keys,en,ar
GAME_TITLE,"The Last Abbasid","آخر العباسيين"
GAME_SUBTITLE,"Baghdad, 1258","بغداد، ١٢٥٨"
MENU_NEW_GAME,"New Game","لعبة جديدة"
MENU_CONTINUE,"Continue","متابعة"
MENU_SETTINGS,"Settings","الإعدادات"
MENU_QUIT,"Quit","خروج"
MENU_RESUME,"Resume","استئناف"
MENU_RETURN_LAMP,"Return to the Lamp","العودة إلى القنديل"
MENU_QUIT_TITLE,"Quit to Title","العودة إلى البداية"
MENU_BACK,"Back","رجوع"
MENU_PAUSED,"Paused","متوقّف"
MENU_CLOSE,"Close","إغلاق"
MENU_CONFIRM_NEW,"Begin anew? Your journey so far will be lost.","هل تبدأ من جديد؟ ستضيع رحلتك حتى الآن."
MENU_YES,"Yes","نعم"
MENU_NO,"No","لا"
MENU_CONTROLS,"Controls","التحكم"
SETTINGS_MASTER,"Master Volume","الصوت العام"
SETTINGS_MUSIC,"Music","الموسيقى"
SETTINGS_EFFECTS,"Effects","المؤثرات"
SETTINGS_AMBIENCE,"Ambience","الأجواء"
SETTINGS_FULLSCREEN,"Fullscreen","ملء الشاشة"
SETTINGS_SHAKE,"Screen Shake","اهتزاز الشاشة"
SETTINGS_GORE,"Gore","الدماء والأشلاء"
SETTINGS_LANGUAGE,"Language","اللغة"
SETTINGS_LANGUAGE_NAME,"English","العربية"
SETTING_ON,"On","تشغيل"
SETTING_OFF,"Off","إيقاف"
SETTING_FULL,"Full","كامل"
SETTING_REDUCED,"Reduced","مخفّف"
GAME_OVER_TITLE,"You Have Fallen","لقد سقطت"
GAME_OVER_LINE,"Baghdad still has need of you.","بغداد ما زالت بحاجة إليك."
GAME_OVER_RISE,"Rise Again","انهض من جديد"
CHAPTER_COMPLETE,"Chapter Complete","انتهى الفصل"
CHAPTER_1_TITLE,"Chapter I: The Fall of the City of Peace","الفصل الأول: سقوط مدينة السلام"
CHAPTER_COMPLETE_NEXT,"Thank you for playing The Last Abbasid.","شكرًا لك على لعب «آخر العباسيين»."
STATS_TIME,"Time","الوقت"
STATS_DEATHS,"Falls","مرات السقوط"
STATS_MANUSCRIPTS,"Manuscripts","المخطوطات"
STATS_SAVED,"Lives saved","أرواح أُنقذت"
LEVEL_FALLEN_MARKET,"The Fallen Market","السوق الساقط"
LEVEL_STREETS_OF_ASH,"Streets of Ash","شوارع الرماد"
LEVEL_SCHOLARS_QUARTER,"The Scholars' Quarter","حيّ العلماء"
LEVEL_LAST_GATE,"The Last Gate","الباب الأخير"
HUD_REMEDY,"Remedies","الدواء"
PROMPT_INTERACT,"Interact","تفاعل"
PROMPT_LIGHT_LAMP,"Light the lamp","أشعل القنديل"
PROMPT_REST,"Rest by the lamp","استرح عند القنديل"
PROMPT_TALK,"Speak","تحدّث"
PROMPT_FINISH,"Finish him","أجهِز عليه"
PROMPT_TAKE,"Take the manuscript","خذ المخطوطة"
PROMPT_OPEN,"Open","افتح"
PROMPT_OPEN_GATE,"Open the river gate","افتح باب النهر"
PROMPT_GATE_LOCKED,"The river gate","باب النهر"
PROMPT_OPEN_QUARTER_GATE,"Open the quarter gate","افتح باب الحيّ"
PROMPT_QUARTER_GATE,"The quarter gate","باب الحيّ"
PROMPT_OPEN_GARDEN_DOOR,"Open the garden door","افتح باب البستان"
PROMPT_GARDEN_DOOR,"The garden door","باب البستان"
PROMPT_OPEN_LAST_GATE,"Open the last gate","افتح الباب الأخير"
PROMPT_LAST_GATE,"The last gate","الباب الأخير"
NOTICE_LAMP_LIT,"The lamp is lit. Your path is remembered.","أُشعل القنديل. سيُذكر طريقك."
NOTICE_RESTED,"Remedies restored","استُعيد الدواء"
NOTICE_MANUSCRIPT,"Manuscript recovered","استُعيدت مخطوطة"
NOTICE_SATCHEL,"Ibrahim's satchel of manuscripts","حقيبة مخطوطات إبراهيم"
NOTICE_OBJECTIVE,"New objective","هدف جديد"
NOTICE_CODEX,"The library's catalogue","فهرس خزانة الكتب"
NOTICE_SALIM,"The captives are free","تحرّر الأسرى"
OBJ_FIND_IBRAHIM,"Find Ibrahim in the Booksellers' Row","اعثر على إبراهيم في سوق الورّاقين"
OBJ_DEFEND_SHOP,"Drive the soldiers from the bookseller's door","اطرد الجنود عن باب الورّاق"
OBJ_SPEAK_IBRAHIM,"Speak with Ibrahim","تحدّث إلى إبراهيم"
OBJ_RIVER_GATE,"Carry the manuscripts to the river gate","احمل المخطوطات إلى باب النهر"
OBJ_FOLLOW_CAPTIVES,"Follow the captives' trail through the burning streets","اتبع أثر الأسرى عبر الشوارع المحترقة"
OBJ_FREE_CAPTIVES,"Free the captives","حرّر الأسرى"
OBJ_SPEAK_SALIM,"Speak with the man in the saffron sash","تحدّث إلى الرجل ذي الزنّار الزعفراني"
OBJ_SCHOLARS_QUARTER,"Go on to the Scholars' Quarter","تابع إلى حيّ العلماء"
OBJ_FIND_LIBRARIAN,"Find the keeper of the college library","اعثر على خازن كتب المدرسة"
OBJ_SAVE_LIBRARY,"Drive the soldiers from the library","اطرد الجنود من خزانة الكتب"
OBJ_SPEAK_LIBRARIAN,"Speak with the keeper of the library","تحدّث إلى خازن الكتب"
OBJ_LAST_GATE,"Carry the catalogue to the last gate","احمل الفهرس إلى الباب الأخير"
OBJ_REACH_GATE,"Reach the last gate","ابلغ الباب الأخير"
OBJ_OPEN_GATE,"Open the gate for the people","افتح الباب للناس"
HINT_MOVE,"{move} Run","{move} اركض"
HINT_JUMP,"{jump} Jump. Hold it for a higher leap. In the air, {attack} slashes.","{jump} اقفز. اضغط مطوّلًا لقفزة أعلى. وفي الهواء، {attack} تضرب."
HINT_ATTACK,"{attack} Strike, press again to chain three cuts.    {heavy_attack} Heavy cleave","{attack} اضرب، واضغط ثانية لثلاث ضربات متتالية.    {heavy_attack} ضربة ثقيلة"
HINT_GUARD,"Hold {block} to raise your shield. Raise it just as a blow lands to parry, then strike back.","اضغط {block} مطوّلًا لرفع الترس. ارفعه لحظة وقوع الضربة لتصدّها، ثم ردّ الضربة."
HINT_ROLL,"{dodge} Roll through an attack. A low sweep glints amber: no shield stops it, so roll or jump over it.","{dodge} تدحرج عبر الهجوم. الضربة المنخفضة تومض بلون كهرماني: لا يردّها ترس، فتدحرج أو اقفز فوقها."
HINT_CLIMB,"Climb the crates to reach the gallery.","تسلّق الصناديق لتبلغ الرواق."
HINT_HEAL,"{heal} Drink a remedy. Lamps refill them.","{heal} اشرب دواءً. القناديل تملؤه من جديد."
HINT_ROOFTOPS,"Where a fallen house blocks the lane, climb over it.","حيث يسدّ بيتٌ منهار الزقاق، تسلّق فوقه."
HINT_ARCHERS,"Archers on the roofs: raise {block} your shield toward them, or close in.","رماة على السطوح: ارفع {block} ترسك نحوهم، أو اقترب منهم."
HINT_BOSS,"A red glint means no shield can stop the blow. {dodge} Roll.","الوميض الأحمر يعني أنّ الترس لا يردّ الضربة. {dodge} تدحرج."
HINT_SURPRISE,"Soldiers busy at their plunder have not seen you. Strike first and the blow lands twice as hard.","الجنود المنشغلون بالنهب لم يروك بعد. اضرب أولًا فتقع ضربتك مضاعفة."
HINT_GUARD_BREAK,"Shields locked at the gate. {heavy_attack} The heavy cleave breaks a raised shield.","تروس متلاصقة عند الباب. {heavy_attack} الضربة الثقيلة تكسر الترس المرفوع."
HINT_ARCHER_COVER,"An archer behind the spear. {block} A raised shield stops his arrows; get past the spear and close in.","رامٍ خلف الرمح. {block} الترس المرفوع يردّ سهامه؛ تجاوز الرمح واقترب منه."
SPEAKER_YUSUF,"Yusuf","يوسف"
SPEAKER_GUARD,"Hamid","حامد"
SPEAKER_MOTHER,"A Mother","أمّ"
SPEAKER_IBRAHIM,"Ibrahim the Bookseller","إبراهيم الورّاق"
SPEAKER_REFUGEE,"A Fleeing Man","رجل هارب"
SPEAKER_CAPTIVE,"A Captive","أسير"
SPEAKER_SALIM,"Salim","سالم"
SPEAKER_COPYIST,"A Young Copyist","ناسخ شابّ"
SPEAKER_LIBRARIAN,"Shaykh Abd al-Latif","الشيخ عبد اللطيف"
SPEAKER_TOQTO,"Toqto Noyan","توقتو نويان"
BOSS_CAPTAIN,"Toqto Noyan, Captain of a Thousand","توقتو نويان، قائد الألف"
INTRO_1,"Baghdad. The month of Safar, in the year 656 of the Hijra: February, 1258.","بغداد. شهر صفر، سنة ٦٥٦ للهجرة: فبراير ١٢٥٨ للميلاد."
INTRO_2,"For days the armies of Hülegü Khan have battered the walls of the City of Peace. Now the walls have fallen, and the sack has begun.","أيامًا وجيوش هولاكو خان تدكّ أسوار مدينة السلام. والآن سقطت الأسوار، وبدأ النهب."
INTRO_3,"Yusuf ibn Harun, a guardsman of the Caliph, has no company left to command. Only the people who remain, and the things they love.","يوسف بن هارون، حارس من حرس الخليفة، لم يبقَ له جند يقودهم. لم يبقَ إلا من ظلّ من الناس، وما يحبّون."
INTRO_4,"What follows is a work of fiction, set amid real events.","ما يلي عمل خيالي، تدور أحداثه في خضمّ وقائع حقيقية."
GUARD_1,"Yusuf? God be praised, you live. They broke through the eastern wall at dawn. The market is lost.","يوسف؟ الحمد لله، أنت حيّ. اخترقوا السور الشرقي عند الفجر. ضاع السوق."
GUARD_2,"Can you stand? Lean on me.","أتستطيع الوقوف؟ استند إليّ."
GUARD_3,"No. My leg is finished. Listen to me. Ibrahim the bookseller would not leave his shop. The copyists are with him, and his books.","لا. ساقي انتهت. اسمعني. إبراهيم الورّاق أبى أن يترك دكّانه. النسّاخ معه، وكتبه."
GUARD_4,"The soldiers are burning every library they find. If anyone can reach him, it is you. Go, brother.","الجنود يحرقون كل خزانة كتب يجدونها. إن كان أحد يبلغه فأنت. اذهب يا أخي."
GUARD_5,"I will bring him out. Keep your sword close.","سأُخرجه. أبقِ سيفك قريبًا."
GUARD_AFTER_1,"Go. Do not look back for me.","اذهب. لا تلتفت إليّ."
REFUGEE_1,"Run! They are killing everyone at the bridge!","اهربوا! إنهم يقتلون الجميع عند الجسر!"
MOTHER_1,"Is he dead? Oh... you are one of the Caliph's men. God sent you to us.","هل مات؟ آه... أنت من رجال الخليفة. أرسلك الله إلينا."
MOTHER_2,"Stay hidden. The way west is still open past the lamp. Wait for the smoke to thicken, then go.","ابقي مختبئة. الطريق غربًا ما زال مفتوحًا بعد القنديل. انتظري حتى يكثف الدخان، ثم اذهبي."
MOTHER_3,"They took my husband at the Karkh gate. If you see a man in a saffron sash... no. Go. God keep you.","أخذوا زوجي عند باب الكرخ. إن رأيت رجلًا بزنّار زعفراني... لا. اذهب. حفظك الله."
MOTHER_AFTER_1,"We will wait for the smoke. God keep you.","سننتظر الدخان. حفظك الله."
MOTHER_WAITING_1,"Please... help us. Do not let him touch my son!","أرجوك... ساعدنا. لا تدعه يمسّ ابني!"
IBRAHIM_WAITING_1,"Yusuf! Behind you, the soldiers! We will talk when they are gone!","يا يوسف! خلفك، الجنود! نتكلم حين يذهبون!"
SALIM_WAITING_1,"Not yet, brother. Cut down those who hold us first.","ليس بعد يا أخي. اقتل من يحرسوننا أولًا."
LIBRARIAN_WAITING_1,"They are tearing the library apart. Stop them, I beg you!","إنهم يمزّقون المكتبة. أوقفهم، أرجوك!"
WAITING_1,"Not now. The soldiers first.","ليس الآن. الجنود أولًا."
MOTHER_CRY_1,"No! Not my son! Mercy, for God's sake!","لا! ليس ابني! الرحمة، بالله عليك!"
BURNERS_1,"They are burning the booksellers' stock. Ibrahim's shop is on this street...","إنهم يحرقون كتب الورّاقين. ودكّان إبراهيم في هذا الشارع..."
YUSUF_TOO_LATE,"Too late... God forgive me.","تأخّرت... غفر الله لي."
EXECUTION_1,"They are killing the men they caught at the gate. One by one.","إنهم يقتلون الرجال الذين أمسكوا بهم عند الباب. واحدًا تلو الآخر."
SAVED_1,"God reward you! I will run for the river!","جزاك الله خيرًا! سأهرب نحو النهر!"
SAVED_2,"Bless you, soldier of the Caliph! My children are at the mosque...","بارك الله فيك يا جندي الخليفة! أطفالي في المسجد..."
SAVED_3,"They killed my brother there. Do not let them take you!","قتلوا أخي هناك. لا تدعهم يأخذونك!"
SAVED_4,"Praise be to God... praise be to God!","الحمد لله... الحمد لله!"
SAVED_5,"They are throwing the dead into the river... God reward you!","إنهم يلقون الموتى في النهر... جزاك الله خيرًا!"
SAVED_6,"God keep you! There are more of us at the gate!","حفظك الله! هناك المزيد منّا عند الباب!"
HINT_PLUNGE,"They have not seen you. {move_down}+{jump} drops you through the planks onto them.","لم يروك بعد. {move_down}+{jump} تنزلك عبر الألواح عليهم."
HINT_SHIELDBEARER,"A Georgian shield-bearer: his tall shield turns every blow from the front, even the cleave. Bash it aside, or get behind him.","حامل ترس جورجي: ترسه الطويل يردّ كل ضربة من الأمام، حتى الضربة الثقيلة. أزحه بصدمة الترس، أو التفّ خلفه."
HINT_ENGINEER,"A siege engineer lobs pots of burning naphtha. Keep moving: no shield keeps out the fire.","مهندس حصار يقذف جرار النفط المشتعل. ابقَ متحرّكًا: لا ترس يردّ النار."
HINT_MACEMAN,"A mace-bearer: light blows do not stop him, and his overhead blow breaks a shield. Parry it, or roll through and strike his back.","حامل الدبوس: الضربات الخفيفة لا توقفه، وضربته العلوية تكسر الترس. صدّها في لحظتها، أو تدحرج عبره واضرب ظهره."
HINT_LEARNED_BASH,"Hold {block} and press {heavy_attack}: the shield bash breaks a raised shield, even a shield-bearer's wall.","اضغط {block} مطوّلًا ثم {heavy_attack}: صدمة الترس تكسر الترس المرفوع، حتى جدار حامل الترس."
HINT_LEARNED_PLUNGE,"In the air, {heavy_attack}: the plunging strike. A man below who never saw it dies of it.","في الهواء، {heavy_attack}: الطعنة الهاوية. من لم يرها تحته يموت بها."
HINT_LEARNED_ROLL_CUT,"{dodge} through a man, then {attack}: the rolling cut rises behind him. {attack} again for the thrust.","{dodge} عبر الرجل، ثم {attack}: ضربة التدحرج تنهض خلفه. {attack} ثانية للطعنة."
HINT_LEARNED_KNIVES,"{throw} Throw a knife. Lamps refill them.","{throw} ارمِ سكينًا. القناديل تملؤها."
NOTICE_LEARNED_BASH,"Technique learned: the Shield Bash","تعلّمت فنًّا: صدمة الترس"
NOTICE_LEARNED_PLUNGE,"Technique learned: the Plunging Strike","تعلّمت فنًّا: الطعنة الهاوية"
NOTICE_LEARNED_ROLL_CUT,"Technique learned: the Rolling Cut","تعلّمت فنًّا: ضربة التدحرج"
NOTICE_LEARNED_KNIVES,"Throwing knives: three, refilled at lamps","سكاكين الرمي: ثلاث، تُملأ عند القناديل"
SALIM_6,"Wait. Take these: throwing knives, off the soldier you cut down. Better in your hand than in his belt.","انتظر. خذ هذه: سكاكين رمي، من الجندي الذي صرعته. خيرٌ أن تكون في يدك من أن تكون في حزامه."
MANUSCRIPT_FURUSIYYA_BASH_TITLE,"On the Shield, from a Treatise on Arms","في الترس، من كتاب في الفروسية"
MANUSCRIPT_FURUSIYYA_BASH_TEXT,"From a treatise on the arts of horse and arms: “When a man hides behind a wall of wood, do not spend your blade on it. Set your shield's face to his and drive with the whole body, your foot behind your shield: his wall opens, and he with it.”","من كتاب في فنون الفروسية والسلاح: «إذا احتمى الرجل بجدار من خشب فلا تُنفق نصلك عليه. ضع وجه ترسك على وجه ترسه وادفع بجسدك كلّه وقدمك خلف ترسك: فينفتح جداره، وينفتح هو معه.»"
MANUSCRIPT_FURUSIYYA_PLUNGE_TITLE,"On Fighting from Above","في القتال من علٍ"
MANUSCRIPT_FURUSIYYA_PLUNGE_TEXT,"Another leaf of the same treatise: “He who holds the height holds the man below. Leap, turn the point down, and let your weight carry the blade: no guard was made for a blow that falls from the sky.”","ورقة أخرى من الكتاب نفسه: «من ملك العلوّ ملك من تحته. اقفز، واقلب الذباب إلى أسفل، ودع ثقلك يحمل النصل: فما صُنع ترسٌ لضربة تهوي من السماء.»"
MANUSCRIPT_FURUSIYYA_ROLL_TITLE,"On Passing Under the Blow","في المرور تحت الضربة"
MANUSCRIPT_FURUSIYYA_ROLL_TEXT,"The treatise's last leaf, scorched at the edge: “The heavy blow is slow to come and slower to go. Go under it, through the man's own shadow, and rise behind him with your edge already moving.”","آخر ورقة من الكتاب، محروقة الحافة: «الضربة الثقيلة بطيئة في مجيئها وأبطأ في رجوعها. امضِ تحتها، عبر ظلّ الرجل نفسه، وانهض خلفه وحدّ سيفك يتحرّك بعدُ.»"
HINT_EXECUTION,"Reach him before the blade falls.","أدركه قبل أن يهوي السيف."
MOSQUE_DEAD_1,"They did not spare even those who sheltered in the mosque.","لم يرحموا حتى من احتمى بالمسجد."
AMBUSH_1,"Soldiers at the bookseller's door... and more behind me.","جنود عند باب الورّاق... وآخرون من خلفي."
IBRAHIM_1,"Yusuf, son of Harun! I knew the Caliph's guard had not forgotten us.","يوسف بن هارون! كنت أعلم أن حرس الخليفة لم ينسونا."
IBRAHIM_2,"Shaykh, we must leave. The whole quarter is burning.","يا شيخ، علينا أن نرحل. الحيّ كله يحترق."
IBRAHIM_3,"Forty years I copied books in this shop. Al-Khwarizmi's tables. Ibn al-Haytham on light. Poems no one else remembers.","أربعون سنة وأنا أنسخ الكتب في هذا الدكّان. جداول الخوارزمي. ابن الهيثم في الضوء. أشعار لا يذكرها أحد سواي."
IBRAHIM_4,"They threw the rest into the street and set them alight. These few I could save.","رموا الباقي في الطريق وأضرموا فيه النار. هذه القليلة هي ما استطعت إنقاذه."
IBRAHIM_5,"Then come with me. There are boats at the river gate.","إذن تعالَ معي. هناك قوارب عند باب النهر."
IBRAHIM_6,"I am too old to run, and someone must stay with the copyists who are hurt. Take the satchel. Carry the pages to the boats.","أنا أكبر من أن أركض، ولا بدّ أن يبقى أحد مع النسّاخ الجرحى. خذ الحقيبة. احمل الأوراق إلى القوارب."
IBRAHIM_7,"Knowledge is a trust, Yusuf. Do not let it die with us.","العلم أمانة يا يوسف. لا تدعه يموت معنا."
IBRAHIM_AFTER_1,"The river gate. Go, before the smoke closes the street.","باب النهر. اذهب قبل أن يسدّ الدخان الطريق."
GATE_LOCKED_1,"Not yet. Ibrahim's shop is back there. I cannot leave him.","ليس بعد. دكّان إبراهيم هناك خلفي. لا أستطيع أن أتركه."
MARKET_END_1,"Yusuf put the satchel into the hands of a boatman, and the boat slid out onto the dark water.","وضع يوسف الحقيبة في يدي ملّاح، وانزلق القارب على الماء المظلم."
MARKET_END_2,"It is said that the Tigris ran black with the ink of the books thrown into it. That night, a few pages did not drown.","يُقال إن دجلة جرى أسود من حبر الكتب التي أُلقيت فيه. في تلك الليلة، لم تغرق بضع أوراق."
MARKET_END_3,"The city was still burning. Yusuf turned back toward the streets.","كانت المدينة ما تزال تحترق. وعاد يوسف نحو الشوارع."
MANUSCRIPT_OPTICS_TITLE,"A Page on Light","ورقة في الضوء"
MANUSCRIPT_OPTICS_TEXT,"""Sight does not come from rays sent out by the eye. Light falls from every point of a thing into the eye."" A copied leaf, after Ibn al-Haytham's Book of Optics.","«لا يكون الإبصار بشعاع يخرج من العين، بل بضوء يقع من كل نقطة من المبصَر في العين.» ورقة منسوخة عن كتاب المناظر لابن الهيثم."
MANUSCRIPT_LEDGER_TITLE,"A Paper-Maker's Ledger","دفتر صانع الورق"
MANUSCRIPT_LEDGER_TEXT,"""Forty reams of Baghdadi paper to the copyists of the Nizamiyya. Linen rags from Basra, still owed."" The last entry is unfinished.","«أربعون رزمة من الورق البغدادي لنسّاخ النظامية. خِرَق كتّان من البصرة، ما زال ثمنها دَينًا.» آخر سطر لم يكتمل."
MANUSCRIPT_VERSES_TITLE,"Letters in a Child's Hand","حروف بخطّ طفل"
MANUSCRIPT_VERSES_TEXT,"A practice sheet of letters, copied again and again: alif, ba, ta... At the foot, in the same small hand: ""For my teacher.""","ورقة تمرين على الحروف، تتكرّر مرة بعد مرة: ألف، باء، تاء... وفي أسفلها، بالخطّ الصغير نفسه: «إلى معلّمي.»"
STREETS_1,"Smoke fills the lanes. Somewhere ahead, captives are being driven through the streets.","الدخان يملأ الأزقّة. وفي مكان ما أمامك، يُساق أسرى في الشوارع."
CAPTORS_1,"Captives in the square, roped together. Their guards have seen you.","أسرى في الساحة، مربوطون معًا. لقد رآك حرّاسهم."
SALIM_1,"You came for us? God is generous. Cut this rope, quickly.","جئت من أجلنا؟ الله كريم. اقطع هذا الحبل، بسرعة."
SALIM_2,"A saffron sash. Your wife and child are alive. They were hiding in the spice row, waiting for the smoke to thicken.","زنّار زعفراني. زوجتك وطفلك أحياء. كانوا مختبئين في سوق العطّارين، ينتظرون أن يكثف الدخان."
SALIM_3,"Alive! Then I have a reason to run. Listen: they took the teachers to the colleges by the river. They want the learned men alive, and the books burned.","أحياء! إذن لي سبب للهرب. اسمع: أخذوا المعلّمين إلى المدارس عند النهر. يريدون أهل العلم أحياء، والكتب محروقة."
SALIM_4,"And their captain holds the last gate in the southern wall. A giant in a red-plumed helm. No one gets past him.","وقائدهم يمسك الباب الأخير في السور الجنوبي. عملاق بخوذة ذات ريشة حمراء. لا يتجاوزه أحد."
SALIM_5,"Go to your family. Take the river road west. I am going to the colleges.","اذهب إلى أهلك. خذ طريق النهر غربًا. أنا ذاهب إلى المدارس."
SALIM_AFTER_1,"God keep you. I will tell my son what you did here.","حفظك الله. سأخبر ابني بما فعلت هنا."
STREETS_END_1,"Salim went west through the smoke to find his wife and child. Yusuf went on, toward the colleges by the river.","مضى سالم غربًا عبر الدخان ليجد زوجته وطفله. ومضى يوسف نحو المدارس عند النهر."
STREETS_END_2,"There the teachers of Baghdad had spent their lives among books.","هناك قضى معلّمو بغداد أعمارهم بين الكتب."
COPYIST_1,"Don't... oh. You are not one of them.","لا... آه. لستَ منهم."
COPYIST_2,"Where are the teachers? The keeper of the library?","أين المعلّمون؟ وخازن الكتب؟"
COPYIST_3,"They led the teachers away at midnight. But Shaykh Abd al-Latif would not leave the library. He is still in there, with the soldiers.","اقتادوا المعلّمين عند منتصف الليل. لكنّ الشيخ عبد اللطيف أبى أن يترك الخزانة. ما زال هناك، مع الجنود."
COPYIST_4,"They are carrying the books to the river by the armful. I watched the water turn black.","يحملون الكتب إلى النهر بالأذرع. رأيت الماء يسودّ."
COPYIST_AFTER_1,"The library is past the courtyard. Hurry.","الخزانة بعد الصحن. أسرع."
LIBRARY_1,"Soldiers among the shelves, tearing the books down.","جنود بين الرفوف، يُنزلون الكتب ويمزّقونها."
RIVER_1,"The Tigris, thick with ink and pages.","دجلة، مثقلة بالحبر والأوراق."
LIBRARIAN_1,"Thirty years I kept these shelves. Every book in its place, and every place in the catalogue.","ثلاثون سنة وأنا أحفظ هذه الرفوف. كلّ كتاب في مكانه، وكلّ مكان في الفهرس."
LIBRARIAN_2,"I am Yusuf, of the Caliph's guard. Shaykh, the quarter is falling. Come with me.","أنا يوسف، من حرس الخليفة. يا شيخ، الحيّ يسقط. تعالَ معي."
LIBRARIAN_3,"The books are lost, Yusuf. No one can carry a library. But we can carry its memory.","ضاعت الكتب يا يوسف. لا أحد يستطيع أن يحمل خزانة. لكنّنا نستطيع أن نحمل ذكراها."
LIBRARIAN_4,"This is the catalogue: the name of every book this house held, who wrote it, and where its copies went. Let them know what was here, so that it can be found again.","هذا هو الفهرس: اسم كلّ كتاب حوته هذه الدار، ومن كتبه، وإلى أين ذهبت نسخه. ليعرفوا ما كان هنا، كي يُعثر عليه من جديد."
LIBRARIAN_5,"And you?","وأنت؟"
LIBRARIAN_6,"I will follow with the students, by the garden door. The people are gathering at the last gate. Go.","سألحق بك مع الطلبة، من باب البستان. الناس يجتمعون عند الباب الأخير. اذهب."
LIBRARIAN_AFTER_1,"The garden door, Yusuf. Then the wall road to the gate.","باب البستان يا يوسف. ثم طريق السور إلى الباب."
SCHOLARS_END_1,"The library burned behind him. In his satchel was the catalogue of everything it had held.","احترقت الخزانة خلفه. وفي حقيبته فهرس كلّ ما حوته."
SCHOLARS_END_2,"Before dawn, the survivors of the quarter moved toward the last gate in the southern wall.","قبيل الفجر، تحرّك الناجون من الحيّ نحو الباب الأخير في السور الجنوبي."
HAMID_1,"Yusuf! Don't look at me like that. I told you not to look back. I never said I would stay put.","يوسف! لا تنظر إليّ هكذا. قلت لك لا تلتفت. لم أقل إنّي سأبقى في مكاني."
HAMID_2,"Hamid! God be praised. Who are all these people?","حامد! الحمد لله. من كلّ هؤلاء الناس؟"
HAMID_3,"Everyone who could still walk. The southern gate is the last one standing. Their captain holds it with his own guard.","كلّ من بقي قادرًا على المشي. الباب الجنوبي آخر باب قائم. قائدهم يمسكه بحرسه الخاصّ."
HAMID_4,"Toqto Noyan. He waits for the Khan's order to finish us. Open that gate, and these people live.","توقتو نويان. ينتظر أمر الخان ليُجهز علينا. افتح ذلك الباب، ويعيش هؤلاء الناس."
HAMID_5,"Keep them ready.","أبقِهم على أهبة."
HAMID_AFTER_1,"We are ready when you are, brother.","نحن جاهزون متى كنتَ جاهزًا يا أخي."
TOQTO_INTRO,"The Caliph's last guardsman. No one leaves the city. That is the Khan's word, and mine.","آخر حرّاس الخليفة. لا أحد يغادر المدينة. تلك كلمة الخان، وكلمتي."
TOQTO_PHASE,"Good! At last, a man of Baghdad who fights!","حسنًا! أخيرًا، رجل من بغداد يقاتل!"
TOQTO_FALL,"The gate... is yours. The city... is not.","الباب... لك. أمّا المدينة... فلا."
YUSUF_AFTER_TOQTO,"Hamid! Bring them to the gate!","حامد! أحضرهم إلى الباب!"
GATE_LOCKED_2,"The captives. I cannot pass them by.","الأسرى. لا أستطيع أن أتجاوزهم."
GATE_LOCKED_3,"The library is still in their hands.","الخزانة ما زالت في أيديهم."
GATE_LOCKED_4,"Barred, and its captain stands before it.","مُغلق بالمزلاج، وقائده واقف أمامه."
ENDING_1,"The last gate opened at first light, and the people Yusuf had come back for walked out onto the river road.","انفتح الباب الأخير مع أول الضوء، وخرج الناس الذين عاد يوسف من أجلهم إلى طريق النهر."
ENDING_2,"Baghdad fell in February 1258. Its libraries were destroyed, and much of what they held was lost for ever.","سقطت بغداد في فبراير ١٢٥٨. دُمّرت خزائن كتبها، وضاع كثير ممّا حوته إلى الأبد."
ENDING_3,"But some books were carried out, and some scholars lived. In other cities, people went on copying, teaching and remembering.","لكنّ بعض الكتب حُملت إلى الخارج، ونجا بعض العلماء. وفي مدن أخرى، مضى الناس ينسخون ويعلّمون ويتذكّرون."
ENDING_4,"Yusuf ibn Harun walked at the back of the column, his sword still drawn, until the smoke of the City of Peace was far behind them.","سار يوسف بن هارون في مؤخّرة القافلة، وسيفه ما زال مسلولًا، حتى صار دخان مدينة السلام بعيدًا خلفهم."
MANUSCRIPT_RECIPE_TITLE,"A Physician's Note","ورقة طبيب"
MANUSCRIPT_RECIPE_TEXT,"""Rosewater, a dirham's weight of sugar, the juice of a sour pomegranate: for the fever of a child. Give it cool, at night."" A prescription, folded small.","«ماء الورد، ووزن درهم من السكّر، وعصير رمّانة حامضة: لحمّى الطفل. يُسقى باردًا، في الليل.» وصفة مطويّة طيًّا صغيرًا."
MANUSCRIPT_LETTER_TITLE,"A Letter Never Sent","رسالة لم تُرسل"
MANUSCRIPT_LETTER_TEXT,"""To my brother in Cairo: the price of bread has tripled, and the river is high. God willing, I will come to you after the winter."" The seal was never pressed.","«إلى أخي في القاهرة: تضاعف ثمن الخبز ثلاث مرّات، والنهر عالٍ. إن شاء الله، آتيك بعد الشتاء.» لم يُختم الكتاب قطّ."
MANUSCRIPT_ASTRONOMY_TITLE,"A Table of the Stars","جدول النجوم"
MANUSCRIPT_ASTRONOMY_TEXT,"Columns of figures for the risings of the stars, copied from the tables of al-Ma'mun's astronomers. Someone has corrected one figure in red ink.","أعمدة من الأرقام لمطالع النجوم، منسوخة عن جداول فلكيّي المأمون. صحّح أحدهم رقمًا واحدًا بالحبر الأحمر."
MANUSCRIPT_ALGEBRA_TITLE,"On Restoring and Balancing","في الجبر والمقابلة"
MANUSCRIPT_ALGEBRA_TEXT,"A worked problem after al-Khwarizmi: ""A square and ten of its roots equal thirty-nine."" Beneath it a student has drawn the square, and completed it.","مسألة محلولة على طريقة الخوارزمي: «مال وعشرة أجذاره يعدل تسعة وثلاثين درهمًا.» وتحتها رسم طالب المربّع، وأكمله."
MANUSCRIPT_POEM_TITLE,"Lines in an Unknown Hand","أبيات بخطّ مجهول"
MANUSCRIPT_POEM_TEXT,"""City of Peace, your nights were lamps and ink. Who will read now, on the bank of the Tigris?"" Written fast, in the margin of a grammar.","«يا مدينة السلام، كانت لياليكِ قناديلَ وحبرًا. فمن يقرأ الآن على ضفّة دجلة؟» كُتبت على عجل، في هامش كتاب في النحو."
MANUSCRIPT_ROUTE_TITLE,"A Caravan Road","طريق القوافل"
MANUSCRIPT_ROUTE_TEXT,"Baghdad to Damascus by way of the Euphrates: the wells, the stages and the days between, in a pilgrim's careful hand.","من بغداد إلى دمشق عن طريق الفرات: الآبار، والمراحل، والأيّام بينها، بخطّ حاجّ متأنٍّ."
MANUSCRIPT_OATH_TITLE,"A Guardsman's Oath","يمين حارس"
MANUSCRIPT_OATH_TEXT,"""I will keep the gate while the city sleeps."" The oath of a soldier of the Caliph's guard, worn soft at the folds.","«أحرس الباب والمدينة نائمة.» يمين جنديّ من حرس الخليفة، ليّنة الأطراف من كثرة الطيّ."